<code_scheme name="Default" version="173">
  <JavaCodeStyleSettings>
    <option name="CLASS_COUNT_TO_USE_IMPORT_ON_DEMAND" value="500" />
    <option name="NAMES_COUNT_TO_USE_IMPORT_ON_DEMAND" value="300" />
    <option name="JD_DO_NOT_WRAP_ONE_LINE_COMMENTS" value="true" />
    <option name="JD_PRESERVE_LINE_FEEDS" value="true" />
  </JavaCodeStyleSettings>
  <codeStyleSettings language="JAVA">
    <option name="KEEP_BLANK_LINES_IN_DECLARATIONS" value="1" />
    <option name="KEEP_BLANK_LINES_IN_CODE" value="1" />
    <option name="KEEP_BLANK_LINES_BEFORE_RBRACE" value="1" />
    <option name="ALIGN_MULTILINE_PARAMETERS_IN_CALLS" value="true" />
    <option name="ALIGN_MULTILINE_EXTENDS_LIST" value="true" />
    <option name="WRAP_COMMENTS" value="true" />
    <option name="ENUM_CONSTANTS_WRAP" value="2" />
  </codeStyleSettings>
</code_scheme>