<application>
  <component name="ProjectManager">
    <defaultProject>
      <component name="CompilerConfiguration">
        <bytecodeTargetLevel target="8" />
      </component>
      <component name="EclipseCodeFormatterProjectSettings">
        <option name="projectSpecificProfile">
          <ProjectSpecificProfile>
            <option name="formatter" value="ECLIPSE" />
            <option name="pathToConfigFileJava" value="F:/project/data/2020/alibaba-p3c/p3c-formatter/eclipse-codestyle.xml" />
            <option name="selectedJavaProfile" value="P3C-CodeStyle" />
          </ProjectSpecificProfile>
        </option>
      </component>
      <component name="Encoding" native2AsciiForPropertiesFiles="true" defaultCharsetForPropertiesFiles="UTF-8">
        <file url="PROJECT" charset="UTF-8" />
      </component>
      <component name="MavenImportPreferences">
        <option name="generalSettings">
          <MavenGeneralSettings>
            <option name="localRepository" value="F:\javakit\apache-maven-3.3.9\repo" />
            <option name="mavenHome" value="F:/javakit/apache-maven-3.3.9" />
            <option name="userSettingsFile" value="F:\javakit\apache-maven-3.3.9\conf\settings.xml" />
          </MavenGeneralSettings>
        </option>
      </component>
      <component name="ProjectRootManager" version="2" languageLevel="JDK_1_8" project-jdk-name="1.8" project-jdk-type="JavaSDK" />
      <component name="PropertiesComponent">
        <property name="last_opened_file_path" value="F:/project/data/2020/alibaba-p3c/p3c-formatter/eclipse-codestyle.xml" />
        <property name="project.structure.last.edited" value="SDKs" />
        <property name="project.structure.proportion" value="0.0" />
        <property name="project.structure.side.proportion" value="0.2" />
        <property name="settings.editor.selected.configurable" value="MavenSettings" />
      </component>
      <component name="RunDashboard">
        <option name="ruleStates">
          <list>
            <RuleState>
              <option name="name" value="ConfigurationTypeDashboardGroupingRule" />
            </RuleState>
            <RuleState>
              <option name="name" value="StatusDashboardGroupingRule" />
            </RuleState>
          </list>
        </option>
      </component>
      <component name="SvnConfiguration">
        <configuration>C:\Users\ylm\AppData\Roaming\Subversion</configuration>
      </component>
      <component name="masterDetails">
        <states>
          <state key="ArquillianSettingsConfigurable.UI">
            <settings>
              <splitter-proportions>
                <option name="proportions">
                  <list>
                    <option value="0.2" />
                  </list>
                </option>
              </splitter-proportions>
            </settings>
          </state>
          <state key="GlobalLibrariesConfigurable.UI">
            <settings>
              <splitter-proportions>
                <option name="proportions">
                  <list>
                    <option value="0.2" />
                  </list>
                </option>
              </splitter-proportions>
            </settings>
          </state>
          <state key="JdkListConfigurable.UI">
            <settings>
              <last-edited>1.8</last-edited>
              <splitter-proportions>
                <option name="proportions">
                  <list>
                    <option value="0.2" />
                  </list>
                </option>
              </splitter-proportions>
            </settings>
          </state>
          <state key="ProjectLibrariesConfigurable.UI">
            <settings>
              <splitter-proportions>
                <option name="proportions">
                  <list>
                    <option value="0.2" />
                  </list>
                </option>
              </splitter-proportions>
            </settings>
          </state>
        </states>
      </component>
    </defaultProject>
  </component>
</application>