<application>
  <component name="AppStorage">
    <histories>
      <item value="替换数量" />
      <item value="Returns a formatted string using the specified format string and      * arguments." />
      <item value="分隔符" />
      <item value="Checks if a String is not empty (&quot;&quot;) and not null" />
      <item value="Checks if a String is not empty (&quot;&quot;), not null and not whitespace only" />
      <item value="Checks if a String is whitespace" />
      <item value="Compiles the given regular expression and attempts to match the given      * input against it." />
      <item value="digits" />
      <item value="past" />
      <item value="paste" />
      <item value="表单" />
      <item value="handle" />
      <item value="handler" />
      <item value="校验失败" />
      <item value="参数检验失败" />
      <item value="Advice" />
      <item value="Annotation to enable a CircuitBreaker implementation." />
      <item value="@EnableDiscoveryClient" />
      <item value="* An object that may hold resources (such as file or socket handles) * until it is closed. The {@link #close()} method of an {@code AutoCloseable} * object is called automatically when exiting a {@code * try}-with-resources block for which the object has been declared in * the resource specification header. This construction ensures prompt * release, avoiding resource exhaustion exceptions and errors that * may otherwise occur. * * @apiNote * &lt;p&gt;It is possible, and in fact common, for a base class to * implement AutoCloseable even though not all of its subclasses or * instances will hold releasable resources. For code that must operate * in complete generality, or when it is known that the {@code AutoCloseable} * instance requires resource release, it is recommended to use {@code * try}-with-resources constructions. However, when using facilities such as * {@link java.util.stream.Stream} that support both I/O-based and * non-I/O-based forms, {@code try}-with-resources blocks are in * general unnecessary when using non-I/O-based forms." />
      <item value="cpu Intensive" />
      <item value="Intensive" />
      <item value="IO Intensive" />
      <item value="CPU Intensive" />
      <item value="CPU密集型" />
      <item value="The thread pool is full and the task is discarded" />
      <item value="The thread pool=full and the task=discarded" />
      <item value="is not greater * than zero" />
      <item value="Creates a {@code LinkedBlockingQueue} with the given (fixed) capacity." />
      <item value="开始初始化线程池" />
      <item value="初始化线程池完成！" />
      <item value="custom" />
      <item value="customize" />
      <item value="自定义" />
      <item value="线程池已满，任务被丢弃" />
      <item value="Feature" />
      <item value="Creates a thread pool that can schedule commands to run after a * given delay, or to execute periodically." />
      <item value="Creates a thread pool that creates new threads as needed, but * will reuse previously constructed threads when they are * available. These pools will typically improve the performance * of programs that execute many short-lived asynchronous tasks. * Calls to {@code execute} will reuse previously constructed * threads if available. If no existing thread is available, a new * thread will be created and added to the pool. Threads that have * not been used for sixty seconds are terminated and removed from * the cache. Thus, a pool that remains idle for long enough will * not consume any resources. Note that pools with similar * properties but different details (for example, timeout parameters) * may be created using {@link ThreadPoolExecutor} constructors." />
      <item value="Creates a thread pool that reuses a fixed number of threads * operating off a shared unbounded queue. At any point, at most * {@code nThreads} threads will be active processing tasks. * If additional tasks are submitted when all threads are active, * they will wait in the queue until a thread is available. * If any thread terminates due to a failure during execution * prior to shutdown, a new one will take its place if needed to * execute subsequent tasks. The threads in the pool will exist * until it is explicitly {@link ExecutorService#shutdown shutdown}." />
      <item value="Executes task r in the caller's thread, unless the executor * has been shut down, in which case the task is discarded." />
      <item value="A handler for rejected tasks that runs the rejected task * directly in the calling thread of the {@code execute} method, * unless the executor has been shut down, in which case the task * is discarded." />
      <item value="Caller Runs Policy" />
      <item value="Discard Oldest Policy" />
      <item value="Discard Policy" />
      <item value="Abort Policy" />
      <item value="Always throws RejectedExecutionException." />
      <item value="A handler for rejected tasks that throws a" />
      <item value="work Queue" />
      <item value="the handler to use when execution is blocked * because the thread bounds and queue capacities are reached" />
      <item value="the factory to use when the executor * creates a new thread" />
      <item value="the queue to use for holding tasks before they are * executed. This queue will hold only the {@code Runnable} * tasks submitted by the {@code execute} method." />
    </histories>
    <option name="languageScores">
      <map>
        <entry key="CHINESE" value="62" />
        <entry key="ENGLISH" value="63" />
        <entry key="ITALIAN" value="1" />
      </map>
    </option>
  </component>
</application>